{"id": "Francisco.Generic_UI_for_Csound.2023_1_2_8444", "name": "Generic UI Csound", "tag": "Generic_UI_for_Csound", "description": "a generic UI for Csound programs", "vendor": "Francisco", "image": "data:image/png;base64,iVBORw0KGgoAAAANSUhEUgAAAAEAAAABCAQAAAC1HAwCAAAAC0lEQVR42mNkYAAAAAYAAjCB0C8AAAAASUVORK5CYII=", "type": "plugin", "productDependentData": {"targetWwiseVersion": {"year": 2023, "major": 1}}, "version": {"year": 2023, "major": 1, "minor": 2, "build": 8444}, "eulas": [], "labels": [], "links": [], "documentation": [], "files": [{"groups": [{"groupId": "Packages", "groupValueId": "AuthoringDebug"}, {"groupId": "AuthoringPlatforms", "groupValueId": "x64"}], "id": "Generic_UI_for_Csound_v2023.1.2_Build8444_Authoring_Windows_Debug.x64.tar.xz", "licenses": [{"licenseId": "wwise_debug"}, {"licenseId": "maintenance"}], "name": "AuthoringDebug.x64.Generic_UI_for_Csound.tar.xz", "sha1": "952da7a40790e073f1989b20118b043a479db696", "size": 58456, "sourceName": "Generic_UI_for_Csound_v2023.1.2_Build8444_Authoring_Windows_Debug.x64.tar.xz", "uncompressedSize": 340625}, {"groups": [{"groupId": "Packages", "groupValueId": "Authoring"}, {"groupId": "AuthoringPlatforms", "groupValueId": "x64"}], "id": "Generic_UI_for_Csound_v2023.1.2_Build8444_Authoring_Windows_Release.x64.tar.xz", "licenses": [], "name": "Authoring.x64.Generic_UI_for_Csound.tar.xz", "sha1": "d989358fe2c12aefd679baaebf470cdb5e1cdf06", "size": 25872, "sourceName": "Generic_UI_for_Csound_v2023.1.2_Build8444_Authoring_Windows_Release.x64.tar.xz", "uncompressedSize": 110525}]}